"variant","k","tm.imm","p.imm.wane.max"
"wt",0.025728479740949,322.156989209786,1
"delta",0.0249623298277594,280.052254598902,1
"omicron",0.024305412856798,256.499854203012,1
